job_title,company,location,tags
Full Stack Engineer,ResumeDive,ğŸŒ Worldwide,"Developer,JavaScript,Tailwind,React,Figma,Node"
Global Real Estate Procurement Lead,WiFi Tribe,ğŸŒ Worldwide,"Non Tech,Other,Project Manager"
Fully Sales Representative,Global Elite Texas,ğŸ‡ºğŸ‡¸ United States,"Sales,Health,Non Tech"
QA Automation,2brains,LatinoamÃ©rica,"Python,Quality Assurance"
Social Media Operations Lead,ClassDojo,ğŸ‡ºğŸ‡¸ United States,"Growth,Edu,Strategy,Lead,Content,Operations,Marketing,Part-Time"
Full Stack React Engineer,Dock,ğŸ‡®ğŸ‡³ India,"Developer,JavaScript,React,GraphQL"
Senior Solution Engineer AI Enterprise,2100 NVIDIA USA,ğŸ‡ºğŸ‡¸ United States,"Python,Training,Docker,Technical,Support,Software,Cloud,Leader,Senior,Engineer,Engineering,Linux"
Senior Golang Software Engineer CIS Data Services,Centripetal,ğŸŒ Probably worldwide,"Golang,Software,Senior,Golang,Engineer"
Software Engineer Product,Prelim,Chicago,"Software,React,Technical,Growth,Financial,Banking,Node. JS,Engineer,Engineering"
Designer Product,Prelim,Austin,"Design,Designer,Banking"
Territory Manager East Des Moines IA,Juul Labs,ğŸ‡ºğŸ‡¸ United States,"Manager,Salesforce,Training,Software,Adult,Strategy,Management,Operations,Analytics,Sales"
Software Engineer Product,Prelim,ğŸ‡ºğŸ‡¸ United States,"Software,React,Technical,Growth,Financial,Banking,Node. JS,Engineer,Engineering"
Technical Support Representative,SevenRooms,ğŸ‡¸ğŸ‡¬ Singapore,"Teach,Training,Technical,Support,Software,Growth,Director,Manager,Financial,Investment,Management,Go,Full-Time"
Guidewire Project Manager,Argo Group,ğŸ‡ºğŸ‡¸ United States,"Manager,Design,System,Technical,Support,Growth,Management,Senior,Operational"
Human Resources Internship Noida,Paytm,"Noida, Uttar Pradesh","HR,Financial,Fintech,Bank,Go,Recruitment,Internship"
Full Stack Software Engineer,Senior Sign,ğŸŒ Probably worldwide,"Golang,Software,Senior,Engineer"
Product Manager Facility Management Software,Storable,ğŸ‡ºğŸ‡¸ United States,"Software,Manager,Design,SaaS,Scrum,Financial,Strategy,Management,Lead,Senior,Engineering,Executive"
Insurance Producer Lancaster PA,Horace Mann - Agent Opportunities,ğŸŒ Probably worldwide,"Financial,Sales,Health,Non Tech"
Insurance Producer Waynesboro PA,Horace Mann - Agent Opportunities,Field,"Financial,Sales,Health,Non Tech"
Insurance Producer Pittsburgh PA,Horace Mann - Agent Opportunities,ğŸŒ Probably worldwide,"Financial,Sales,Health,Non Tech"
Automotive Claims Adjuster,Protective,Work From Home,"Support,Financial,Finance,Health,Healthcare,Recruitment,Non Tech"
Business Development Director UK Ireland,Ampeco Ltd,ğŸ‡¬ğŸ‡§ United Kingdom,"Director,SaaS,Consulting,Travel,Leader,Strategy,Management,Marketing,Sales"
Guidewire Project Manager,Argo Group,ğŸ‡ºğŸ‡¸ United States,"Manager,Design,System,Technical,Support,Growth,Management,Senior,Operational"
Systems Administrator,PointClickCare,Remote or Mississauga,"System,Security,Technical,Recruiter,Support,Software,Travel,Applescript,Cloud,Administrator,Management,Lead,Senior,Operational,Reliability,Healthcare"
Senior Go Developer,Sincere,ğŸŒ Probably worldwide,"Golang,Developer,Senior,Go"
Staff Backend Engineer Messaging Platform,Postscript,ğŸŒ Probably worldwide,"Golang,Marketing,Engineer,Backend,Ecommerce,Shopify"
Customer Support Assistant,Awin,ğŸ‡µğŸ‡± Poland,"Assistant,Security,Training,Support,Management,Content,Health,Non Tech"
Sales Executive,G-P,ğŸ‡ºğŸ‡¸ United States,"SaaS,Support,Software,Growth,Finance,Management,Legal,Sales,Executive"
Technical Recruiter,NextGen and GTA - A Kelly Telecom Company,ğŸ‡µğŸ‡° Pakistan,"Technical,Recruiter,Manager,Video,Lead,Telecom,Sales,Go,Recruiting"
Life Success Manager,1840 & Company,ğŸ‡§ğŸ‡· Brazil,"Manager,Growth,Financial,Leader,Marketing,Health"
Salesforce and Power BI Reporting Analyst,Mom's Meals,"Ankeny, IA","Salesforce,Analyst,Design,Training,Technical,Support,Edu,Administrator,Microsoft"
Lead Product Analyst Growth,AllTrails,ğŸ’° $30k - $50k*,"Growth,Analyst,Design,Training,Technical,Support,Software,Testing,Mobile,Lead,Analytics,Health,Apache"
Enablement Business Partner New Business,Showpad,ğŸ‡ºğŸ‡¸ United States,"System,Training,Support,Voice,Management,Content,Operations,Marketing,Sales"
Business Analyst,Kyivstar,ğŸ‡ºğŸ‡¦ Ukraine,"Analyst,Python,Technical,Support,Cloud,PostgreSQL,Mobile,Management,Marketing,Apache"
Senior Software Developer Canada,Smile Digital Health,ğŸ’° $55k - $85k*,"Developer,Software,Design,Security,Technical,Support,Test,Code,Web,Management,Senior,Go,Medical,Health,Healthcare"
Job 19029 Senior Developer FullStack Brasil,CI&T,ğŸŒ Probably worldwide,"Developer,React,Testing,Web,Firebase,Java,CSS,HTML,Mobile,Senior,E-Commerce,Fullstack"
Clinical Support Representative,Radformation,ğŸ‡ºğŸ‡¸ United States,"System,Technical,Support,Healthcare,Engineering,Part-Time"
Senior Security Engineer Enterprise Security,Airbnb,ğŸŒ Probably worldwide,"Golang,Security,Senior,Engineer"
Manager Revenue Cycle,Pomelo Care,ğŸ‡ºğŸ‡¸ United States,"Manager,Support,Management,Health,Non Tech"
KIP Spring 2025 Administrative Intern Marijuana Policy Project,Stand Together,ğŸ‡ºğŸ‡¸ United States,"HR,System,Coordinator,Support,Management,Operations,Excel,Legal,Internship,Full-Time,Part-Time"
Task Force Supervisor,ZÅ«m Services,"Bay Area, CA","Training,Supervisor,Support,Testing,Travel,Adult,Operational,Full-Time,Non Tech"
MERN Fullstack Developer,EPIC Education SRL,ğŸŒ Worldwide,"Developer,JavaScript,React,Node,AWS"
Software Engineer,Spacelift,ğŸŒ Probably worldwide,"Golang,Software,Engineer"
Government Grants Team Lead,Instrumentl,ğŸ’° $140k - $160k*,"SaaS,Support,Leader,Lead,Content,Operations,Operational"
Chief of Staff,ElevenYellow,ğŸ‡ªğŸ‡º Europe,"Other,Remote,Human Resources,People Operations"
Transitional Care Advocate,Mission Healthcare,ğŸ’° $35k - $70k*,"Voice,Edu,Health,Medical,Healthcare,Non Tech"
Senior Software Engineer Identity,Alpaca,ğŸ‡ºğŸ‡¸ United States,"Software,Design,System,Technical,Support,Test,Code,Financial,Finance,Cloud,Management,Senior,Reliability,Engineer,Engineering,Backend"
Personal Assistant,Matos,ğŸ‡ºğŸ‡¸ United States,Non Tech
